{"metadata":{"asset_id":"a87776ed-fca5-47bf-b10d-50181efe8501","asset_attributes":["notebook"],"name":"Predictive analysis","asset_type":"notebook","created_at":"2022-06-29T03:02:49Z","description":"","origin_country":"us","owner_id":"IBMid-663003MFU7","project_id":"fd8dfc28-f502-474f-bd8f-82335f627be9","size":80229,"tags":["notebook"],"usage":{"last_update_time":1656473661577,"last_updated_at":"2022-06-29T03:34:21Z"}},"entity":{"notebook":{"kernel":{"name":"python3","display_name":"Python 3.9","language":"python"},"originates_from":{"type":"blank"},"runtime":{"environment":"conda2rt221-fd8dfc28-f502-474f-bd8f-82335f627be9"}}},"attachments":[{"id":"fdcc1c35-216c-4a09-b1b3-d3a0b1100d84","version":2,"asset_type":"notebook","name":"attachment for notebook a87776ed-fca5-47bf-b10d-50181efe8501","description":"attachment for notebook a87776ed-fca5-47bf-b10d-50181efe8501","mime":"application/json","datasource_type":"193a97c1-4475-4a19-b90c-295c4fdc6517","object_key":"notebook/Predictive_analysis_uZiKtMc-V.ipynb","creator_id":"IBMid-663003MFU7","create_time":1656471770750,"size":80229,"is_remote":false,"is_managed":false,"is_referenced":true,"is_object_key_read_only":false,"is_user_provided_path_key":true,"transfer_complete":true,"is_partitioned":false,"complete_time_ticks":1656471770750,"user_data":{},"test_doc":0,"handle":{"bucket":"capstoneproject-donotdelete-pr-eea5cyrwyngh8w","location":"eu-geo","key":"notebook/Predictive_analysis_uZiKtMc-V.ipynb","upload_id":"done","max_part_num":1},"usage":{"access_count":7,"last_accessor_id":"IBMid-663003MFU7","last_access_time":1656473654026,"last_updater_id":"IBMid-663003MFU7","last_update_time":1656473654026}}]}
