{"metadata":{"asset_id":"7f8504bf-d89d-419e-821c-d24e27f27c5d","asset_attributes":["notebook"],"name":"Falcon_web_scrapping","asset_type":"notebook","created_at":"2022-06-28T12:19:16Z","description":"","origin_country":"us","owner_id":"IBMid-663003MFU7","project_id":"fd8dfc28-f502-474f-bd8f-82335f627be9","size":622590,"tags":["notebook"],"usage":{"last_update_time":1656430763329,"last_updated_at":"2022-06-28T15:39:23Z"}},"entity":{"notebook":{"kernel":{"name":"python3","display_name":"Python 3.9","language":"python"},"originates_from":{"type":"blank"},"runtime":{"environment":"conda1rt221-fd8dfc28-f502-474f-bd8f-82335f627be9"}}},"attachments":[{"id":"865aa164-7837-4dc0-8155-b533f25097dc","version":2,"asset_type":"notebook","name":"attachment for notebook 7f8504bf-d89d-419e-821c-d24e27f27c5d","description":"attachment for notebook 7f8504bf-d89d-419e-821c-d24e27f27c5d","mime":"application/json","datasource_type":"193a97c1-4475-4a19-b90c-295c4fdc6517","object_key":"notebook/Falcon_web_scrapping_MqO2ajQx5.ipynb","creator_id":"IBMid-663003MFU7","create_time":1656418757508,"size":622590,"is_remote":false,"is_managed":false,"is_referenced":true,"is_object_key_read_only":false,"is_user_provided_path_key":true,"transfer_complete":true,"is_partitioned":false,"complete_time_ticks":1656418757508,"user_data":{},"test_doc":0,"handle":{"bucket":"capstoneproject-donotdelete-pr-eea5cyrwyngh8w","location":"eu-geo","key":"notebook/Falcon_web_scrapping_MqO2ajQx5.ipynb","upload_id":"done","max_part_num":1},"usage":{"access_count":14,"last_accessor_id":"IBMid-663003MFU7","last_access_time":1656420819941,"last_updater_id":"IBMid-663003MFU7","last_update_time":1656420819941}}]}
