{"metadata":{"asset_id":"c8fc35ef-ac3b-4e52-99ed-f98c000c453f","asset_attributes":["notebook"],"name":"Exploratory_Data_Analysis","asset_type":"notebook","created_at":"2022-06-28T13:21:39Z","description":"","origin_country":"us","owner_id":"IBMid-663003MFU7","project_id":"fd8dfc28-f502-474f-bd8f-82335f627be9","size":16133,"tags":["notebook"],"usage":{"last_update_time":1656468966686,"last_updated_at":"2022-06-29T02:16:06Z"}},"entity":{"notebook":{"kernel":{"name":"python3","display_name":"Python 3.9","language":"python"},"originates_from":{"type":"blank"},"runtime":{"environment":"conda1rt221-fd8dfc28-f502-474f-bd8f-82335f627be9"}}},"attachments":[{"id":"ad50a9a7-81f9-4953-bf7e-84b85c16a211","version":2,"asset_type":"notebook","name":"attachment for notebook c8fc35ef-ac3b-4e52-99ed-f98c000c453f","description":"attachment for notebook c8fc35ef-ac3b-4e52-99ed-f98c000c453f","mime":"application/json","datasource_type":"193a97c1-4475-4a19-b90c-295c4fdc6517","object_key":"notebook/Exploratory_Data_Analysis_DmwLrmbNP.ipynb","creator_id":"IBMid-663003MFU7","create_time":1656422499681,"size":16133,"is_remote":false,"is_managed":false,"is_referenced":true,"is_object_key_read_only":false,"is_user_provided_path_key":true,"transfer_complete":true,"is_partitioned":false,"complete_time_ticks":1656422499681,"user_data":{},"test_doc":0,"handle":{"bucket":"capstoneproject-donotdelete-pr-eea5cyrwyngh8w","location":"eu-geo","key":"notebook/Exploratory_Data_Analysis_DmwLrmbNP.ipynb","upload_id":"done","max_part_num":1},"usage":{"access_count":5,"last_accessor_id":"IBMid-663003MFU7","last_access_time":1656468964512,"last_updater_id":"IBMid-663003MFU7","last_update_time":1656468964512}}]}
