{"metadata":{"asset_id":"1e9e908f-f65a-47ed-b7a7-fbbd6b72cd9b","asset_attributes":["notebook"],"name":"EDA with Pandas and Matplotlib","asset_type":"notebook","created_at":"2022-06-28T14:27:36Z","description":"","origin_country":"us","owner_id":"IBMid-663003MFU7","project_id":"fd8dfc28-f502-474f-bd8f-82335f627be9","size":230297,"tags":["notebook"],"usage":{"last_update_time":1656430582819,"last_updated_at":"2022-06-28T15:36:22Z"}},"entity":{"notebook":{"kernel":{"name":"python3","display_name":"Python 3.9","language":"python"},"originates_from":{"type":"blank"},"runtime":{"environment":"conda1rt221-fd8dfc28-f502-474f-bd8f-82335f627be9"}}},"attachments":[{"id":"ee5f3b9b-dc95-49a2-84b3-3c6b11bc8f48","version":2,"asset_type":"notebook","name":"attachment for notebook 1e9e908f-f65a-47ed-b7a7-fbbd6b72cd9b","description":"attachment for notebook 1e9e908f-f65a-47ed-b7a7-fbbd6b72cd9b","mime":"application/json","datasource_type":"193a97c1-4475-4a19-b90c-295c4fdc6517","object_key":"notebook/EDA_with_Pandas_and_Matplotlib_luI8FQJj8.ipynb","creator_id":"IBMid-663003MFU7","create_time":1656426457340,"size":230297,"is_remote":false,"is_managed":false,"is_referenced":true,"is_object_key_read_only":false,"is_user_provided_path_key":true,"transfer_complete":true,"is_partitioned":false,"complete_time_ticks":1656426457340,"user_data":{},"test_doc":0,"handle":{"bucket":"capstoneproject-donotdelete-pr-eea5cyrwyngh8w","location":"eu-geo","key":"notebook/EDA_with_Pandas_and_Matplotlib_luI8FQJj8.ipynb","upload_id":"done","max_part_num":1},"usage":{"access_count":4,"last_accessor_id":"IBMid-663003MFU7","last_access_time":1656426954370,"last_updater_id":"IBMid-663003MFU7","last_update_time":1656426954370}}]}
