{"metadata":{"asset_id":"86856ff6-6c63-4286-a7fe-b3dcb905412e","asset_attributes":["notebook"],"name":"Data_Wrangling","asset_type":"notebook","created_at":"2022-06-28T13:06:13Z","description":"","origin_country":"us","owner_id":"IBMid-663003MFU7","project_id":"fd8dfc28-f502-474f-bd8f-82335f627be9","size":33403,"tags":["notebook"],"usage":{"last_update_time":1656430842350,"last_updated_at":"2022-06-28T15:40:42Z"}},"entity":{"notebook":{"kernel":{"name":"python3","display_name":"Python 3.9","language":"python"},"originates_from":{"type":"blank"},"runtime":{"environment":"conda1rt221-fd8dfc28-f502-474f-bd8f-82335f627be9"}}},"attachments":[{"id":"4185a732-14fe-4d27-9490-11173826b8de","version":2,"asset_type":"notebook","name":"attachment for notebook 86856ff6-6c63-4286-a7fe-b3dcb905412e","description":"attachment for notebook 86856ff6-6c63-4286-a7fe-b3dcb905412e","mime":"application/json","datasource_type":"193a97c1-4475-4a19-b90c-295c4fdc6517","object_key":"notebook/Data_Wrangling_iGQzMGwKk.ipynb","creator_id":"IBMid-663003MFU7","create_time":1656421574889,"size":33403,"is_remote":false,"is_managed":false,"is_referenced":true,"is_object_key_read_only":false,"is_user_provided_path_key":true,"transfer_complete":true,"is_partitioned":false,"complete_time_ticks":1656421574889,"user_data":{},"test_doc":0,"handle":{"bucket":"capstoneproject-donotdelete-pr-eea5cyrwyngh8w","location":"eu-geo","key":"notebook/Data_Wrangling_iGQzMGwKk.ipynb","upload_id":"done","max_part_num":1},"usage":{"access_count":4,"last_accessor_id":"IBMid-663003MFU7","last_access_time":1656422094250,"last_updater_id":"IBMid-663003MFU7","last_update_time":1656422094250}}]}
