{"metadata":{"asset_id":"7991e79b-7ab1-4013-b2b7-ecce496995c1","asset_attributes":["notebook"],"name":"Interactive_Visual_Analytics","asset_type":"notebook","created_at":"2022-06-29T02:45:33Z","description":"","origin_country":"us","owner_id":"IBMid-663003MFU7","project_id":"fd8dfc28-f502-474f-bd8f-82335f627be9","size":142267,"tags":["notebook"],"usage":{"last_update_time":1656471371070,"last_updated_at":"2022-06-29T02:56:11Z"}},"entity":{"notebook":{"kernel":{"name":"python3","display_name":"Python 3.9","language":"python"},"originates_from":{"type":"blank"},"runtime":{"environment":"conda1rt221-fd8dfc28-f502-474f-bd8f-82335f627be9"}}},"attachments":[{"id":"873863b2-6689-4f7c-9e11-34190dc40daf","version":2,"asset_type":"notebook","name":"attachment for notebook 7991e79b-7ab1-4013-b2b7-ecce496995c1","description":"attachment for notebook 7991e79b-7ab1-4013-b2b7-ecce496995c1","mime":"application/json","datasource_type":"193a97c1-4475-4a19-b90c-295c4fdc6517","object_key":"notebook/Interactive_Visual_Analytics_9oniaoWk9.ipynb","creator_id":"IBMid-663003MFU7","create_time":1656470734121,"size":142267,"is_remote":false,"is_managed":false,"is_referenced":true,"is_object_key_read_only":false,"is_user_provided_path_key":true,"transfer_complete":true,"is_partitioned":false,"complete_time_ticks":1656470734121,"user_data":{},"test_doc":0,"handle":{"bucket":"capstoneproject-donotdelete-pr-eea5cyrwyngh8w","location":"eu-geo","key":"notebook/Interactive_Visual_Analytics_9oniaoWk9.ipynb","upload_id":"done","max_part_num":1},"usage":{"access_count":5,"last_accessor_id":"IBMid-663003MFU7","last_access_time":1656471371069,"last_updater_id":"IBMid-663003MFU7","last_update_time":1656471371069}}]}
