{"description":"Data Asset Type","fields":[{"key":"dataset","type":"boolean","facet":true,"is_array":false,"is_searchable_across_types":false},{"key":"mime_type","type":"string","facet":true,"is_array":false,"is_searchable_across_types":false},{"key":"columns","type":"string","facet":true,"is_array":true,"search_path":"columns[].name","is_searchable_across_types":true}],"external_asset_preview":{},"relationships":[],"global_search_searchable":[],"attribute_only":false,"data_protection":{"all_attachments":true},"name":"data_asset","version":5,"scope":"GLOBAL"}
